Num,Position,Rs_allele,Strand
1,16:89985753,rs312262906_A,A
2,16:89986091,rs11547464_A,A
3,16:89986154,rs885479_T,A
4,16:89986144,rs1805008_T,T
5,16:89985844,rs1805005_T,T
6,16:89985918,rs1805006_A,A
7,16:89986117,rs1805007_T,T
8,16:89986546,rs1805009_C,C
9,16:89986122,rs201326893_A,A
10,16:89985940,rs2228479_A,A
11,16:89986130,rs1110400_C,C
12,5:33958959,rs28777_C,C
13,5:33951693,rs16891982_C,C
14,12:89328335,rs12821256_G,C
15,6:457748,rs4959270_A,A
16,6:396321,rs12203592_T,T
17,11:88911696,rs1042602_T,A
18,15:28230318,rs1800407_A,T
19,14:92801203,rs2402130_G,G
20,15:28365618,rs12913832_T,A
21,20:33218090,rs2378249_C,G
22,14:92773663,rs12896399_T,T
23,11:89011046,rs1393350_T,A
24,9:12709305,rs683_G,C
25,16:89383725,rs3114908_T,T
26,15:28197037,rs1800414_C,C
27,9:16858084,rs10756819_G,G
28,15:28453215,rs2238289_C,G
29,14:92882826,rs17128291_C,G
30,15:28496195,rs6497292_C,G
31,15:28356859,rs1129038_G,C
32,15:28530182,rs1667394_C,C
33,11:89017961,rs1126809_A,A
34,15:28288121,rs1470608_A,T
35,15:48426484,rs1426654_G,G
36,20:32785212,rs6119471_C,G
37,15:28187772,rs1545397_T,T
38,20:32665748,rs6059655_T,A
39,15:28271775,rs12441727_A,A
40,16:89984378,rs3212355_A,T
41,16:90024206,rs8051733_C,G
